strain	virus	assession	date	region	country
Cp/Yunnan2011__JX993988	-N/A-	JX993988	2011-XX-XX	china	China
Rp/Shaanxi2011__JX993987	-N/A-	JX993987	2011-09-XX	china	China
BtRf-HeB2013__KJ473812	-N/A-	KJ473812	2013-XX-XX	china	China
BtRf-JL2012__KJ473811	-N/A-	KJ473811	2012-XX-XX	china	China
BtRf-SX2013__KJ473813	-N/A-	KJ473813	2013-XX-XX	china	China
BtRs-GX2013__KJ473815	-N/A-	KJ473815	2013-XX-XX	china	China
BtRs-HuB2013__KJ473814	-N/A-	KJ473814	2013-XX-XX	china	China
BtRs-YN2013__KJ473816	-N/A-	KJ473816	2013-XX-XX	china	China
F46__KU973692	-N/A-	KU973692	2012-XX-XX	china	China
HKU3-1__DQ022305	Severe acute respiratory syndrome-related coronavirus	DQ022305	20XX-XX-XX	china	China
HKU3-10__GQ153545	Severe acute respiratory syndrome-related coronavirus	GQ153545	20XX-XX-XX		
HKU3-11__GQ153546	Severe acute respiratory syndrome-related coronavirus	GQ153546	20XX-XX-XX		
HKU3-12__GQ153547	Severe acute respiratory syndrome-related coronavirus	GQ153547	20XX-XX-XX		
HKU3-13__GQ153548	Severe acute respiratory syndrome-related coronavirus	GQ153548	20XX-XX-XX		
HKU3-2__DQ084199	Severe acute respiratory syndrome-related coronavirus	DQ084199	20XX-XX-XX		
HKU3-3__DQ084200	Severe acute respiratory syndrome-related coronavirus	DQ084200	20XX-XX-XX		
HKU3-4__GQ153539	Severe acute respiratory syndrome-related coronavirus	GQ153539	20XX-XX-XX		
HKU3-5__GQ153540	Severe acute respiratory syndrome-related coronavirus	GQ153540	20XX-XX-XX		
HKU3-6__GQ153541	Severe acute respiratory syndrome-related coronavirus	GQ153541	20XX-XX-XX		
HKU3-7__GQ153542	Severe acute respiratory syndrome-related coronavirus	GQ153542	20XX-XX-XX		
HKU3-8__GQ153543	Severe acute respiratory syndrome-related coronavirus	GQ153543	20XX-XX-XX		
HKU3-9__GQ153544	Severe acute respiratory syndrome-related coronavirus	GQ153544	20XX-XX-XX		
BtCoV/273/2005__DQ648856	Severe acute respiratory syndrome-related coronavirus	DQ648856	20XX-XX-XX		
Rf1__DQ412042	Severe acute respiratory syndrome-related coronavirus	DQ412042	20XX-XX-XX		
BtCoV/279/2005__DQ648857	Severe acute respiratory syndrome-related coronavirus	DQ648857	20XX-XX-XX		
Rm1__DQ412043	Severe acute respiratory syndrome-related coronavirus	DQ412043	20XX-XX-XX		
Rp3__DQ071615	Severe acute respiratory syndrome-related coronavirus	DQ071615	20XX-XX-XX	china	China
civet007__AY572034	Severe acute respiratory syndrome-related coronavirus	AY572034	2004-XX-XX	china	China
SZ16__AY304488	Severe acute respiratory syndrome-related coronavirus	AY304488	2003-XX-XX	china	Hong_Kong
SZ3__AY304486	Severe acute respiratory syndrome-related coronavirus	AY304486	2003-XX-XX	china	Hong_Kong
CFB/SZ/94/03__AY545919	Severe acute respiratory syndrome-related coronavirus	AY545919	2003-XX-XX	china	China
CV7__DQ898174	Severe acute respiratory syndrome-related coronavirus	DQ898174	20XX-XX-XX	north_america	Canada
HC/GZ/32/03__AY545918	Severe acute respiratory syndrome-related coronavirus	AY545918	2003-XX-XX	china	China
HC/GZ/81/03__AY545917	Severe acute respiratory syndrome-related coronavirus	AY545917	2003-XX-XX	china	China
HC/SZ/266/03__AY545916	Severe acute respiratory syndrome-related coronavirus	AY545916	2003-XX-XX	china	China
HC/SZ/79/03__AY545914	Severe acute respiratory syndrome-related coronavirus	AY545914	2003-XX-XX	china	China
HC/SZ/DM1/03__AY545915	Severe acute respiratory syndrome-related coronavirus	AY545915	2003-XX-XX	china	China
MA-15__DQ497008	Severe acute respiratory syndrome-related coronavirus	DQ497008	20XX-XX-XX		
ModifiedMicrobialNucleicAcid__FV537210	Severe acute respiratory syndrome-related coronavirus	FV537210	20XX-XX-XX		
ModifiedMicrobialNucleicAcid__FV537211	Severe acute respiratory syndrome-related coronavirus	FV537211	20XX-XX-XX		
ModifiedMicrobialNucleicAcid__FV537212	Severe acute respiratory syndrome-related coronavirus	FV537212	20XX-XX-XX		
Sequence1fromPatentWO2004096842__CQ918584	Severe acute respiratory syndrome-related coronavirus	CQ918584	20XX-XX-XX		
Sequence1fromPatentWO2006039656__CS569493	Severe acute respiratory syndrome-related coronavirus	CS569493	20XX-XX-XX		
Sequence11fromPatentEP1736539__CS460762	Severe acute respiratory syndrome-related coronavirus	CS460762	20XX-XX-XX		
Sequence11fromPatentWO2006136448__CS480537	Severe acute respiratory syndrome-related coronavirus	CS480537	20XX-XX-XX		
Sequence14fromPatentWO2005035556__CS079026	Severe acute respiratory syndrome-related coronavirus	CS079026	20XX-XX-XX		
Sequence15fromPatentWO2004096842__CQ918598	Severe acute respiratory syndrome-related coronavirus	CQ918598	20XX-XX-XX		
Sequence2fromPatentWO2004096842__CQ918585	Severe acute respiratory syndrome-related coronavirus	CQ918585	20XX-XX-XX		
Sequence41fromPatentEP2139515__HI553383	Severe acute respiratory syndrome-related coronavirus	HI553383	20XX-XX-XX		
Sequence67fromPatentWO2004011647__CS254197	Severe acute respiratory syndrome-related coronavirus	CS254197	20XX-XX-XX		
UNKNOWN-DJ045279__DJ045279	Severe acute respiratory syndrome-related coronavirus	DJ045279	20XX-XX-XX		
A022__AY686863	Severe acute respiratory syndrome-related coronavirus	AY686863	2004-XX-XX		
AS__AY427439	Severe acute respiratory syndrome-related coronavirus	AY427439	2003-XX-XX		
B039__AY686864	Severe acute respiratory syndrome-related coronavirus	AY686864	2004-XX-XX		
BJ01__AY278488	Severe acute respiratory syndrome-related coronavirus	AY278488	2003-XX-XX		
BJ02__AY278487	Severe acute respiratory syndrome-related coronavirus	AY278487	2003-XX-XX		
BJ03__AY278490	Severe acute respiratory syndrome-related coronavirus	AY278490	20XX-XX-XX		
BJ04__AY279354	Severe acute respiratory syndrome-related coronavirus	AY279354	2003-XX-XX		
BJ162__AY864805	Severe acute respiratory syndrome-related coronavirus	AY864805	20XX-XX-XX	china	China
BJ182-12__EU371564	Severe acute respiratory syndrome-related coronavirus	EU371564	20XX-XX-XX		
BJ182-4__EU371562	Severe acute respiratory syndrome-related coronavirus	EU371562	20XX-XX-XX		
BJ182-8__EU371563	Severe acute respiratory syndrome-related coronavirus	EU371563	20XX-XX-XX		
BJ182a__EU371560	Severe acute respiratory syndrome-related coronavirus	EU371560	20XX-XX-XX		
BJ182b__EU371561	Severe acute respiratory syndrome-related coronavirus	EU371561	20XX-XX-XX		
BJ202__AY864806	Severe acute respiratory syndrome-related coronavirus	AY864806	20XX-XX-XX		
CDC#200301157__AY714217	Severe acute respiratory syndrome-related coronavirus	AY714217	2003-XX-XX	north_america	USA
civet010__AY572035	Severe acute respiratory syndrome-related coronavirus	AY572035	2004-XX-XX	china	China
civet020__AY572038	Severe acute respiratory syndrome-related coronavirus	AY572038	2004-XX-XX	china	China
CUHK-AG01__AY345986	Severe acute respiratory syndrome-related coronavirus	AY345986	2003-XX-XX		
CUHK-AG02__AY345987	Severe acute respiratory syndrome-related coronavirus	AY345987	2003-XX-XX		
CUHK-AG03__AY345988	Severe acute respiratory syndrome-related coronavirus	AY345988	2003-XX-XX		
CUHK-Su10__AY282752	Severe acute respiratory syndrome-related coronavirus	AY282752	2003-XX-XX		
CUHK-W1__AY278554	Severe acute respiratory syndrome-related coronavirus	AY278554	2003-XX-XX	china	China
FRA__AY310120	Severe acute respiratory syndrome-related coronavirus	AY310120	2003-XX-XX		
Frankfurt1__AB257344	Severe acute respiratory syndrome-related coronavirus	AB257344	2003-XX-XX		
Frankfurt1__AY291315	Severe acute respiratory syndrome-related coronavirus	AY291315	2003-XX-XX		
GD01__AY278489	Severe acute respiratory syndrome-related coronavirus	AY278489	2003-XX-XX		
GD69__AY313906	Severe acute respiratory syndrome-related coronavirus	AY313906	2003-XX-XX	china	China
GDH-BJH01__DQ640652	Severe acute respiratory syndrome-related coronavirus	DQ640652	20XX-XX-XX	china	China
GZ-B__AY394978	Severe acute respiratory syndrome-related coronavirus	AY394978	20XX-XX-XX		
GZ-C__AY394979	Severe acute respiratory syndrome-related coronavirus	AY394979	20XX-XX-XX		
GZ02__AY390556	Severe acute respiratory syndrome-related coronavirus	AY390556	2003-XX-XX	china	China
GZ0401__AY568539	Severe acute respiratory syndrome-related coronavirus	AY568539	2004-XX-XX	china	China
GZ0402__AY613947	Severe acute respiratory syndrome-related coronavirus	AY613947	2004-XX-XX	china	China
GZ50__AY304495	Severe acute respiratory syndrome-related coronavirus	AY304495	2003-XX-XX	china	Hong_Kong
HC/SZ/61/03__AY515512	Severe acute respiratory syndrome-related coronavirus	AY515512	20XX-XX-XX	china	China
HGZ8L2__AY394993	Severe acute respiratory syndrome-related coronavirus	AY394993	2003-XX-XX		
HKU-39849__AY278491	Severe acute respiratory syndrome-related coronavirus	AY278491	2003-XX-XX		
HSR1__AY323977	Severe acute respiratory syndrome-related coronavirus	AY323977	20XX-XX-XX	europe	Italy
HSZ-Bb__AY394985	Severe acute respiratory syndrome-related coronavirus	AY394985	20XX-XX-XX		
HSZ-Bc__AY394994	Severe acute respiratory syndrome-related coronavirus	AY394994	20XX-XX-XX		
HSZ-Cb__AY394986	Severe acute respiratory syndrome-related coronavirus	AY394986	20XX-XX-XX		
HSZ-Cc__AY394995	Severe acute respiratory syndrome-related coronavirus	AY394995	2003-XX-XX		
HSZ2-A__AY394983	Severe acute respiratory syndrome-related coronavirus	AY394983	20XX-XX-XX		
HZS2-C__AY394992	Severe acute respiratory syndrome-related coronavirus	AY394992	20XX-XX-XX		
HZS2-D__AY394989	Severe acute respiratory syndrome-related coronavirus	AY394989	20XX-XX-XX		
HZS2-E__AY394990	Severe acute respiratory syndrome-related coronavirus	AY394990	20XX-XX-XX		
HZS2-Fb__AY394987	Severe acute respiratory syndrome-related coronavirus	AY394987	20XX-XX-XX		
HZS2-Fc__AY394991	Severe acute respiratory syndrome-related coronavirus	AY394991	2003-XX-XX		
LC1__AY394998	Severe acute respiratory syndrome-related coronavirus	AY394998	20XX-XX-XX		
LC2__AY394999	Severe acute respiratory syndrome-related coronavirus	AY394999	20XX-XX-XX		
LC3__AY395000	Severe acute respiratory syndrome-related coronavirus	AY395000	20XX-XX-XX		
LC4__AY395001	Severe acute respiratory syndrome-related coronavirus	AY395001	20XX-XX-XX		
LC5__AY395002	Severe acute respiratory syndrome-related coronavirus	AY395002	2003-XX-XX		
LLJ-2004__AY595412	Severe acute respiratory syndrome-related coronavirus	AY595412	20XX-XX-XX		
NS-1__AY508724	Severe acute respiratory syndrome-related coronavirus	AY508724	20XX-XX-XX		
P2__FJ882963	Severe acute respiratory syndrome-related coronavirus	FJ882963	2004-08-10	north_america	USA
PC4-13__AY613948	Severe acute respiratory syndrome-related coronavirus	AY613948	2004-XX-XX	china	China
PC4-136__AY613949	Severe acute respiratory syndrome-related coronavirus	AY613949	2004-XX-XX	china	China
PC4-227__AY613950	Severe acute respiratory syndrome-related coronavirus	AY613950	2004-XX-XX	china	China
PUMC01__AY350750	Severe acute respiratory syndrome-related coronavirus	AY350750	20XX-XX-XX		
PUMC02__AY357075	Severe acute respiratory syndrome-related coronavirus	AY357075	20XX-XX-XX		
PUMC03__AY357076	Severe acute respiratory syndrome-related coronavirus	AY357076	20XX-XX-XX		
ShanghaiQXC1__AY463059	Severe acute respiratory syndrome-related coronavirus	AY463059	20XX-XX-XX		
ShanghaiQXC2__AY463060	Severe acute respiratory syndrome-related coronavirus	AY463060	20XX-XX-XX		
SIN2500__AY283794	Severe acute respiratory syndrome-related coronavirus	AY283794	20XX-XX-XX	southeast_asia	Singapore
SIN2677__AY283795	Severe acute respiratory syndrome-related coronavirus	AY283795	20XX-XX-XX	southeast_asia	Singapore
SIN2679__AY283796	Severe acute respiratory syndrome-related coronavirus	AY283796	20XX-XX-XX	southeast_asia	Singapore
SIN2748__AY283797	Severe acute respiratory syndrome-related coronavirus	AY283797	20XX-XX-XX	southeast_asia	Singapore
SIN2774__AY283798	Severe acute respiratory syndrome-related coronavirus	AY283798	20XX-XX-XX	southeast_asia	Singapore
Sin3408__AY559083	Severe acute respiratory syndrome-related coronavirus	AY559083	20XX-XX-XX	southeast_asia	Singapore
Sin3408L__AY559097	Severe acute respiratory syndrome-related coronavirus	AY559097	20XX-XX-XX	southeast_asia	Singapore
Sin3725V__AY559087	Severe acute respiratory syndrome-related coronavirus	AY559087	20XX-XX-XX	southeast_asia	Singapore
Sin3765V__AY559084	Severe acute respiratory syndrome-related coronavirus	AY559084	20XX-XX-XX	southeast_asia	Singapore
Sin842__AY559081	Severe acute respiratory syndrome-related coronavirus	AY559081	2003-XX-XX	southeast_asia	Singapore
Sin845__AY559093	Severe acute respiratory syndrome-related coronavirus	AY559093	20XX-XX-XX	southeast_asia	Singapore
Sin846__AY559094	Severe acute respiratory syndrome-related coronavirus	AY559094	2003-XX-XX	southeast_asia	Singapore
Sin847__AY559095	Severe acute respiratory syndrome-related coronavirus	AY559095	20XX-XX-XX	southeast_asia	Singapore
Sin848__AY559085	Severe acute respiratory syndrome-related coronavirus	AY559085	2003-XX-XX	southeast_asia	Singapore
Sin849__AY559086	Severe acute respiratory syndrome-related coronavirus	AY559086	2003-XX-XX	southeast_asia	Singapore
Sin850__AY559096	Severe acute respiratory syndrome-related coronavirus	AY559096	2003-XX-XX	southeast_asia	Singapore
Sin852__AY559082	Severe acute respiratory syndrome-related coronavirus	AY559082	2003-XX-XX	southeast_asia	Singapore
Sino1-11__AY485277	Severe acute respiratory syndrome-related coronavirus	AY485277	20XX-XX-XX		
Sino3-11__AY485278	Severe acute respiratory syndrome-related coronavirus	AY485278	20XX-XX-XX		
SinP1__AY559088	Severe acute respiratory syndrome-related coronavirus	AY559088	20XX-XX-XX	southeast_asia	Singapore
SinP2__AY559089	Severe acute respiratory syndrome-related coronavirus	AY559089	20XX-XX-XX	southeast_asia	Singapore
SinP3__AY559090	Severe acute respiratory syndrome-related coronavirus	AY559090	20XX-XX-XX	southeast_asia	Singapore
SinP4__AY559091	Severe acute respiratory syndrome-related coronavirus	AY559091	20XX-XX-XX	southeast_asia	Singapore
SinP5__AY559092	Severe acute respiratory syndrome-related coronavirus	AY559092	20XX-XX-XX	southeast_asia	Singapore
SoD__AY461660	Severe acute respiratory syndrome-related coronavirus	AY461660	20XX-XX-XX	west_asia	Russia
TJF__AY654624	Severe acute respiratory syndrome-related coronavirus	AY654624	20XX-XX-XX		
TW1__AY291451	Severe acute respiratory syndrome-related coronavirus	AY291451	2003-XX-XX	china	Taiwan
TW10__AY502923	Severe acute respiratory syndrome-related coronavirus	AY502923	2003-XX-XX	china	Taiwan
TW11__AY502924	Severe acute respiratory syndrome-related coronavirus	AY502924	2003-XX-XX	china	Taiwan
TW2__AY502925	Severe acute respiratory syndrome-related coronavirus	AY502925	2003-XX-XX	china	Taiwan
TW3__AY502926	Severe acute respiratory syndrome-related coronavirus	AY502926	2003-XX-XX	china	Taiwan
TW4__AY502927	Severe acute respiratory syndrome-related coronavirus	AY502927	2003-XX-XX	china	Taiwan
TW5__AY502928	Severe acute respiratory syndrome-related coronavirus	AY502928	2003-XX-XX	china	Taiwan
TW6__AY502929	Severe acute respiratory syndrome-related coronavirus	AY502929	2003-XX-XX	china	Taiwan
TW7__AY502930	Severe acute respiratory syndrome-related coronavirus	AY502930	2003-XX-XX	china	Taiwan
TW8__AY502931	Severe acute respiratory syndrome-related coronavirus	AY502931	2003-XX-XX	china	Taiwan
TW9__AY502932	Severe acute respiratory syndrome-related coronavirus	AY502932	2003-XX-XX	china	Taiwan
TWC__AY321118	Severe acute respiratory syndrome-related coronavirus	AY321118	20XX-XX-XX		
TWC2__AY362698	Severe acute respiratory syndrome-related coronavirus	AY362698	20XX-XX-XX		
TWC3__AY362699	Severe acute respiratory syndrome-related coronavirus	AY362699	20XX-XX-XX		
TWH__AP006557	Severe acute respiratory syndrome-related coronavirus	AP006557	20XX-XX-XX		
TWJ__AP006558	Severe acute respiratory syndrome-related coronavirus	AP006558	20XX-XX-XX		
TWK__AP006559	Severe acute respiratory syndrome-related coronavirus	AP006559	20XX-XX-XX		
TWS__AP006560	Severe acute respiratory syndrome-related coronavirus	AP006560	20XX-XX-XX		
TWY__AP006561	Severe acute respiratory syndrome-related coronavirus	AP006561	20XX-XX-XX		
WH20__AY772062	Severe acute respiratory syndrome-related coronavirus	AY772062	20XX-XX-XX		
WHU__AY394850	Severe acute respiratory syndrome-related coronavirus	AY394850	2003-XX-XX		
ZJ01__AY297028	Severe acute respiratory syndrome-related coronavirus	AY297028	20XX-XX-XX		
ZJ02__EU371559	Severe acute respiratory syndrome-related coronavirus	EU371559	2003-XX-XX		
ZJ0301__DQ182595	Severe acute respiratory syndrome-related coronavirus	DQ182595	2003-04-21	china	China
ZMY1__AY351680	Severe acute respiratory syndrome-related coronavirus	AY351680	20XX-XX-XX		
ZS-A__AY394997	Severe acute respiratory syndrome-related coronavirus	AY394997	20XX-XX-XX		
ZS-B__AY394996	Severe acute respiratory syndrome-related coronavirus	AY394996	20XX-XX-XX		
ZS-C__AY395003	Severe acute respiratory syndrome-related coronavirus	AY395003	2003-XX-XX		
As6526__KY417142	Severe acute respiratory syndrome-related coronavirus	KY417142	2014-05-12	china	China
bat-SL-CoVZC45__MG772933	Severe acute respiratory syndrome-related coronavirus	MG772933	2017-02-XX	china	China
bat-SL-CoVZXC21__MG772934	Severe acute respiratory syndrome-related coronavirus	MG772934	2015-07-XX	china	China
Rf4092__KY417145	Severe acute respiratory syndrome-related coronavirus	KY417145	2012-09-18	china	China
Rs4081__KY417143	Severe acute respiratory syndrome-related coronavirus	KY417143	2012-09-18	china	China
Rs4084__KY417144	Severe acute respiratory syndrome-related coronavirus	KY417144	2012-09-18	china	China
Rs4231__KY417146	Severe acute respiratory syndrome-related coronavirus	KY417146	2013-04-17	china	China
Rs4237__KY417147	Severe acute respiratory syndrome-related coronavirus	KY417147	2013-04-17	china	China
Rs4247__KY417148	Severe acute respiratory syndrome-related coronavirus	KY417148	2013-04-17	china	China
Rs4255__KY417149	Severe acute respiratory syndrome-related coronavirus	KY417149	2013-04-17	china	China
Rs4874__KY417150	Severe acute respiratory syndrome-related coronavirus	KY417150	2013-07-21	china	China
Rs7327__KY417151	Severe acute respiratory syndrome-related coronavirus	KY417151	2014-10-24	china	China
Rs9401__KY417152	Severe acute respiratory syndrome-related coronavirus	KY417152	2015-10-16	china	China
Rs3367__KC881006	Severe acute respiratory syndrome-related coronavirus	KC881006	2012-03-19	china	China
RsSHC014__KC881005	Severe acute respiratory syndrome-related coronavirus	KC881005	2011-04-17	china	China
WIV1__KF367457	Severe acute respiratory syndrome-related coronavirus	KF367457	2012-09-XX	china	China
YNLF_31C__KP886808	Severe acute respiratory syndrome-related coronavirus	KP886808	2013-05-23	china	China
YNLF_34C__KP886809	Severe acute respiratory syndrome-related coronavirus	KP886809	2013-05-23	china	China
LYRa11__KF569996	Severe acute respiratory syndrome-related coronavirus	KF569996	2011-XX-XX	china	China
A001__FJ959407	Severe acute respiratory syndrome-related coronavirus	FJ959407	20XX-XX-XX	china	China
Tor2/FP1-10851__JX163924	Severe acute respiratory syndrome-related coronavirus	JX163924	2010-02-05	north_america	USA
Tor2/FP1-10851__JX163927	Severe acute respiratory syndrome-related coronavirus	JX163927	2010-02-05	north_america	USA
Tor2/FP1-10895__JX163925	Severe acute respiratory syndrome-related coronavirus	JX163925	2010-02-05	north_america	USA
Tor2/FP1-10895__JX163928	Severe acute respiratory syndrome-related coronavirus	JX163928	2010-02-05	north_america	USA
Tor2/FP1-10912__JX163923	Severe acute respiratory syndrome-related coronavirus	JX163923	2010-02-10	north_america	USA
Tor2/FP1-10912__JX163926	Severe acute respiratory syndrome-related coronavirus	JX163926	2010-02-10	north_america	USA
UNKNOWN-CS079027__CS079027	Severe acute respiratory syndrome-related coronavirus	CS079027	20XX-XX-XX		
UNKNOWN-CS079028__CS079028	Severe acute respiratory syndrome-related coronavirus	CS079028	20XX-XX-XX		
UNKNOWN-CS079029__CS079029	Severe acute respiratory syndrome-related coronavirus	CS079029	20XX-XX-XX		
UNKNOWN-DJ059765__DJ059765	Severe acute respiratory syndrome-related coronavirus	DJ059765	20XX-XX-XX		
UNKNOWN-DL008527__DL008527	Severe acute respiratory syndrome-related coronavirus	DL008527	20XX-XX-XX		
UNKNOWN-DL476508__DL476508	Severe acute respiratory syndrome-related coronavirus	DL476508	20XX-XX-XX		
UNKNOWN-FV537213__FV537213	Severe acute respiratory syndrome-related coronavirus	FV537213	20XX-XX-XX		
UNKNOWN-HW269828__HW269828	Severe acute respiratory syndrome-related coronavirus	HW269828	20XX-XX-XX		
UNKNOWN-HW375992__HW375992	Severe acute respiratory syndrome-related coronavirus	HW375992	20XX-XX-XX		
ExoN1mutant__FJ882926	Severe acute respiratory syndrome-related coronavirus	FJ882926	2007-09-22	north_america	USA
ExoN1mutant__FJ882928	Severe acute respiratory syndrome-related coronavirus	FJ882928	2007-08-28	north_america	USA
ExoN1mutant__FJ882929	Severe acute respiratory syndrome-related coronavirus	FJ882929	2008-03-28	north_america	USA
ExoN1mutant__FJ882930	Severe acute respiratory syndrome-related coronavirus	FJ882930	2007-09-22	north_america	USA
ExoN1mutant__FJ882931	Severe acute respiratory syndrome-related coronavirus	FJ882931	2008-03-28	north_america	USA
ExoN1mutant__FJ882940	Severe acute respiratory syndrome-related coronavirus	FJ882940	2008-08-06	north_america	USA
ExoN1mutant__FJ882941	Severe acute respiratory syndrome-related coronavirus	FJ882941	2008-03-28	north_america	USA
ExoN1mutant__FJ882944	Severe acute respiratory syndrome-related coronavirus	FJ882944	2008-03-28	north_america	USA
ExoN1mutant__FJ882950	Severe acute respiratory syndrome-related coronavirus	FJ882950	2008-08-06	north_america	USA
ExoN1mutant__FJ882954	Severe acute respiratory syndrome-related coronavirus	FJ882954	2008-08-06	north_america	USA
ExoN1mutant__FJ882955	Severe acute respiratory syndrome-related coronavirus	FJ882955	2008-03-28	north_america	USA
ExoN1mutant__FJ882956	Severe acute respiratory syndrome-related coronavirus	FJ882956	2008-08-06	north_america	USA
ExoN1mutant__FJ882960	Severe acute respiratory syndrome-related coronavirus	FJ882960	2008-08-06	north_america	USA
ExoN1mutant__JF292922	Severe acute respiratory syndrome-related coronavirus	JF292922	2009-03-18	north_america	USA
ExoN1mutant__JX162087	Severe acute respiratory syndrome-related coronavirus	JX162087	2009-01-01	north_america	USA
SARS/VeroE6_lab/USA/ExoN1_c13P1/2009__KF514406	Severe acute respiratory syndrome-related coronavirus	KF514406	2009-03-18	north_america	USA
SARS/VeroE6_lab/USA/ExoN1_c13P10/2009__KF514411	Severe acute respiratory syndrome-related coronavirus	KF514411	2009-05-19	north_america	USA
SARS/VeroE6_lab/USA/ExoN1_c13P20/2009__KF514412	Severe acute respiratory syndrome-related coronavirus	KF514412	2009-07-08	north_america	USA
SARS/VeroE6_lab/USA/ExoN1_c5.10P20/2010__KF514393	Severe acute respiratory syndrome-related coronavirus	KF514393	2010-10-01	north_america	USA
SARS/VeroE6_lab/USA/ExoN1_c5.1P20/2010__KF514403	Severe acute respiratory syndrome-related coronavirus	KF514403	2010-10-01	north_america	USA
SARS/VeroE6_lab/USA/ExoN1_c5.2P20/2010__KF514405	Severe acute respiratory syndrome-related coronavirus	KF514405	2010-10-01	north_america	USA
SARS/VeroE6_lab/USA/ExoN1_c5.3P20/2010__KF514417	Severe acute respiratory syndrome-related coronavirus	KF514417	2010-10-01	north_america	USA
SARS/VeroE6_lab/USA/ExoN1_c5.4P20/2010__KF514390	Severe acute respiratory syndrome-related coronavirus	KF514390	2010-10-01	north_america	USA
SARS/VeroE6_lab/USA/ExoN1_c5.5P20/2010__KF514401	Severe acute respiratory syndrome-related coronavirus	KF514401	2010-10-01	north_america	USA
SARS/VeroE6_lab/USA/ExoN1_c5.6P20/2010__KF514402	Severe acute respiratory syndrome-related coronavirus	KF514402	2010-10-01	north_america	USA
SARS/VeroE6_lab/USA/ExoN1_c5.7P20/2010__KF514407	Severe acute respiratory syndrome-related coronavirus	KF514407	2010-10-01	north_america	USA
SARS/VeroE6_lab/USA/ExoN1_c5.8P20/2010__KF514416	Severe acute respiratory syndrome-related coronavirus	KF514416	2010-10-01	north_america	USA
SARS/VeroE6_lab/USA/ExoN1_c5.9P20/2010__KF514391	Severe acute respiratory syndrome-related coronavirus	KF514391	2010-10-01	north_america	USA
SARS/VeroE6_lab/USA/ExoN1_c5P10/2009__KF514420	Severe acute respiratory syndrome-related coronavirus	KF514420	2009-05-19	north_america	USA
SARS/VeroE6_lab/USA/ExoN1_c5P20/2009__KF514414	Severe acute respiratory syndrome-related coronavirus	KF514414	2009-07-08	north_america	USA
SARS/VeroE6_lab/USA/ExoN1_c8P1/2009__KF514395	Severe acute respiratory syndrome-related coronavirus	KF514395	2009-03-18	north_america	USA
SARS/VeroE6_lab/USA/ExoN1_c8P10/2009__KF514389	Severe acute respiratory syndrome-related coronavirus	KF514389	2009-05-19	north_america	USA
SARS/VeroE6_lab/USA/ExoN1_c8P20/2009__KF514410	Severe acute respiratory syndrome-related coronavirus	KF514410	2009-07-08	north_america	USA
HKU-39849__GU553363	Severe acute respiratory syndrome-related coronavirus	GU553363	2003-06-07	china	China
HKU-39849__GU553364	Severe acute respiratory syndrome-related coronavirus	GU553364	2003-06-07	china	China
HKU-39849__GU553365	Severe acute respiratory syndrome-related coronavirus	GU553365	2007-12-05	north_america	USA
HKU-39849__JQ316196	Severe acute respiratory syndrome-related coronavirus	JQ316196	2003-04-16	europe	United_Kingdom
recSARS-CoVHKU-39849__JN854286	Severe acute respiratory syndrome-related coronavirus	JN854286	2003-04-16	europe	United_Kingdom
MA15__FJ882945	Severe acute respiratory syndrome-related coronavirus	FJ882945	2008-11-25	north_america	USA
MA15__FJ882948	Severe acute respiratory syndrome-related coronavirus	FJ882948	2008-11-25	north_america	USA
MA15__FJ882952	Severe acute respiratory syndrome-related coronavirus	FJ882952	2008-11-25	north_america	USA
MA15__FJ882957	Severe acute respiratory syndrome-related coronavirus	FJ882957	2008-11-25	north_america	USA
MA15__FJ882958	Severe acute respiratory syndrome-related coronavirus	FJ882958	2008-11-25	north_america	USA
MA15__FJ882961	Severe acute respiratory syndrome-related coronavirus	FJ882961	2008-11-25	north_america	USA
MA15__HQ890541	Severe acute respiratory syndrome-related coronavirus	HQ890541	2008-10-08	north_america	USA
MA15__HQ890542	Severe acute respiratory syndrome-related coronavirus	HQ890542	2008-09-17	north_america	USA
MA15__HQ890543	Severe acute respiratory syndrome-related coronavirus	HQ890543	2008-09-17	north_america	USA
MA15__HQ890544	Severe acute respiratory syndrome-related coronavirus	HQ890544	2008-09-17	north_america	USA
MA15__HQ890545	Severe acute respiratory syndrome-related coronavirus	HQ890545	2008-09-17	north_america	USA
MA15__HQ890546	Severe acute respiratory syndrome-related coronavirus	HQ890546	2008-09-17	north_america	USA
MA15__JF292907	Severe acute respiratory syndrome-related coronavirus	JF292907	2008-08-10	north_america	USA
MA15__JF292908	Severe acute respiratory syndrome-related coronavirus	JF292908	2008-08-10	north_america	USA
MA15__JF292909	Severe acute respiratory syndrome-related coronavirus	JF292909	2008-08-10	north_america	USA
MA15__JF292910	Severe acute respiratory syndrome-related coronavirus	JF292910	2008-08-10	north_america	USA
MA15__JF292911	Severe acute respiratory syndrome-related coronavirus	JF292911	2008-10-10	north_america	USA
MA15__JF292912	Severe acute respiratory syndrome-related coronavirus	JF292912	2008-10-10	north_america	USA
MA15__JF292913	Severe acute respiratory syndrome-related coronavirus	JF292913	2008-10-10	north_america	USA
MA15__JF292914	Severe acute respiratory syndrome-related coronavirus	JF292914	2008-10-10	north_america	USA
MA15__JF292915	Severe acute respiratory syndrome-related coronavirus	JF292915	2008-10-10	north_america	USA
MA15__JF292916	Severe acute respiratory syndrome-related coronavirus	JF292916	2008-09-19	north_america	USA
MA15__JF292917	Severe acute respiratory syndrome-related coronavirus	JF292917	2008-09-19	north_america	USA
MA15__JF292918	Severe acute respiratory syndrome-related coronavirus	JF292918	2008-09-19	north_america	USA
MA15__JF292919	Severe acute respiratory syndrome-related coronavirus	JF292919	2008-09-19	north_america	USA
MA15__JF292920	Severe acute respiratory syndrome-related coronavirus	JF292920	2008-09-19	north_america	USA
MA15ExoN1mutant__FJ882942	Severe acute respiratory syndrome-related coronavirus	FJ882942	2008-11-26	north_america	USA
MA15ExoN1mutant__FJ882943	Severe acute respiratory syndrome-related coronavirus	FJ882943	2008-11-21	north_america	USA
MA15ExoN1mutant__FJ882951	Severe acute respiratory syndrome-related coronavirus	FJ882951	2008-11-26	north_america	USA
MA15ExoN1mutant__FJ882953	Severe acute respiratory syndrome-related coronavirus	FJ882953	2008-11-26	north_america	USA
MA15ExoN1mutant__FJ882959	Severe acute respiratory syndrome-related coronavirus	FJ882959	2008-11-26	north_america	USA
MA15ExoN1mutant__FJ882962	Severe acute respiratory syndrome-related coronavirus	FJ882962	2008-12-18	north_america	USA
MA15ExoN1mutant__HQ890526	Severe acute respiratory syndrome-related coronavirus	HQ890526	2008-10-08	north_america	USA
MA15ExoN1mutant__HQ890527	Severe acute respiratory syndrome-related coronavirus	HQ890527	2008-10-08	north_america	USA
MA15ExoN1mutant__HQ890528	Severe acute respiratory syndrome-related coronavirus	HQ890528	2008-10-08	north_america	USA
MA15ExoN1mutant__HQ890529	Severe acute respiratory syndrome-related coronavirus	HQ890529	2008-10-08	north_america	USA
MA15ExoN1mutant__HQ890530	Severe acute respiratory syndrome-related coronavirus	HQ890530	2008-10-08	north_america	USA
MA15ExoN1mutant__HQ890531	Severe acute respiratory syndrome-related coronavirus	HQ890531	2008-10-10	north_america	USA
MA15ExoN1mutant__HQ890532	Severe acute respiratory syndrome-related coronavirus	HQ890532	2008-10-10	north_america	USA
MA15ExoN1mutant__HQ890533	Severe acute respiratory syndrome-related coronavirus	HQ890533	2008-10-10	north_america	USA
MA15ExoN1mutant__HQ890534	Severe acute respiratory syndrome-related coronavirus	HQ890534	2008-09-17	north_america	USA
MA15ExoN1mutant__HQ890535	Severe acute respiratory syndrome-related coronavirus	HQ890535	2008-09-17	north_america	USA
MA15ExoN1mutant__HQ890536	Severe acute respiratory syndrome-related coronavirus	HQ890536	2008-09-17	north_america	USA
MA15ExoN1mutant__HQ890537	Severe acute respiratory syndrome-related coronavirus	HQ890537	2008-09-17	north_america	USA
MA15ExoN1mutant__HQ890538	Severe acute respiratory syndrome-related coronavirus	HQ890538	2008-09-17	north_america	USA
MA15ExoN1mutant__HQ890539	Severe acute respiratory syndrome-related coronavirus	HQ890539	2008-09-18	north_america	USA
MA15ExoN1mutant__HQ890540	Severe acute respiratory syndrome-related coronavirus	HQ890540	2008-09-18	north_america	USA
MA15ExoN1mutant__JF292902	Severe acute respiratory syndrome-related coronavirus	JF292902	2008-10-10	north_america	USA
MA15ExoN1mutant__JF292903	Severe acute respiratory syndrome-related coronavirus	JF292903	2008-10-10	north_america	USA
MA15ExoN1mutant__JF292904	Severe acute respiratory syndrome-related coronavirus	JF292904	2008-09-18	north_america	USA
MA15ExoN1mutant__JF292905	Severe acute respiratory syndrome-related coronavirus	JF292905	2008-09-18	north_america	USA
MA15ExoN1mutant__JF292906	Severe acute respiratory syndrome-related coronavirus	JF292906	2008-09-18	north_america	USA
Rs672__FJ588686	Severe acute respiratory syndrome-related coronavirus	FJ588686	2006-XX-XX	china	China
TC1__AY338174	Severe acute respiratory syndrome-related coronavirus	AY338174	20XX-XX-XX	china	Taiwan
TC2__AY338175	Severe acute respiratory syndrome-related coronavirus	AY338175	20XX-XX-XX	china	Taiwan
TC3__AY348314	Severe acute respiratory syndrome-related coronavirus	AY348314	20XX-XX-XX	china	Taiwan
UNKNOWN-DJ066921__DJ066921	Severe acute respiratory syndrome-related coronavirus	DJ066921	20XX-XX-XX		
Urbani__AY278741	Severe acute respiratory syndrome-related coronavirus	AY278741	20XX-XX-XX		
Urbani__MK062179	Severe acute respiratory syndrome-related coronavirus	MK062179	2017-05-27	north_america	USA
Urbani__MK062180	Severe acute respiratory syndrome-related coronavirus	MK062180	2017-05-28	north_america	USA
Urbani__MK062181	Severe acute respiratory syndrome-related coronavirus	MK062181	2017-05-29	north_america	USA
Urbani__MK062182	Severe acute respiratory syndrome-related coronavirus	MK062182	2017-05-30	north_america	USA
Urbani__MK062183	Severe acute respiratory syndrome-related coronavirus	MK062183	2017-05-31	north_america	USA
Urbani__MK062184	Severe acute respiratory syndrome-related coronavirus	MK062184	2017-06-01	north_america	USA
SARS/VeroE6_lab/USA/WTic_c1.10P20/2010__KF514398	Severe acute respiratory syndrome-related coronavirus	KF514398	2010-10-01	north_america	USA
SARS/VeroE6_lab/USA/WTic_c1.1P20/2010__KF514399	Severe acute respiratory syndrome-related coronavirus	KF514399	2010-10-01	north_america	USA
SARS/VeroE6_lab/USA/WTic_c1.2P20/2010__KF514421	Severe acute respiratory syndrome-related coronavirus	KF514421	2010-10-01	north_america	USA
SARS/VeroE6_lab/USA/WTic_c1.3P20/2010__KF514422	Severe acute respiratory syndrome-related coronavirus	KF514422	2010-10-01	north_america	USA
SARS/VeroE6_lab/USA/WTic_c1.4P20/2010__KF514392	Severe acute respiratory syndrome-related coronavirus	KF514392	2010-10-01	north_america	USA
SARS/VeroE6_lab/USA/WTic_c1.5P20/2010__KF514388	Severe acute respiratory syndrome-related coronavirus	KF514388	2010-10-01	north_america	USA
SARS/VeroE6_lab/USA/WTic_c1.6P20/2010__KF514413	Severe acute respiratory syndrome-related coronavirus	KF514413	2010-10-01	north_america	USA
SARS/VeroE6_lab/USA/WTic_c1.7P20/2010__KF514415	Severe acute respiratory syndrome-related coronavirus	KF514415	2010-10-01	north_america	USA
SARS/VeroE6_lab/USA/WTic_c1.8P20/2010__KF514400	Severe acute respiratory syndrome-related coronavirus	KF514400	2010-10-01	north_america	USA
SARS/VeroE6_lab/USA/WTic_c1.9P20/2010__KF514404	Severe acute respiratory syndrome-related coronavirus	KF514404	2010-10-01	north_america	USA
SARS/VeroE6_lab/USA/WTic_c1P10/2009__KF514419	Severe acute respiratory syndrome-related coronavirus	KF514419	2009-05-19	north_america	USA
SARS/VeroE6_lab/USA/WTic_c1P20/2009__KF514394	Severe acute respiratory syndrome-related coronavirus	KF514394	2009-07-08	north_america	USA
SARS/VeroE6_lab/USA/WTic_c2P1/2009__KF514408	Severe acute respiratory syndrome-related coronavirus	KF514408	2009-03-18	north_america	USA
SARS/VeroE6_lab/USA/WTic_c2P10/2009__KF514397	Severe acute respiratory syndrome-related coronavirus	KF514397	2009-05-19	north_america	USA
SARS/VeroE6_lab/USA/WTic_c2P20/2009__KF514409	Severe acute respiratory syndrome-related coronavirus	KF514409	2009-07-08	north_america	USA
SARS/VeroE6_lab/USA/WTic_c3P1/2009__KF514418	Severe acute respiratory syndrome-related coronavirus	KF514418	2009-03-18	north_america	USA
SARS/VeroE6_lab/USA/WTic_c3P10/2009__KF514396	Severe acute respiratory syndrome-related coronavirus	KF514396	2009-05-19	north_america	USA
SARS/VeroE6_lab/USA/WTic_c3P20/2009__KF514423	Severe acute respiratory syndrome-related coronavirus	KF514423	2009-07-08	north_america	USA
WTic__JF292921	Severe acute respiratory syndrome-related coronavirus	JF292921	2009-03-18	north_america	USA
wtic-MB__FJ882927	Severe acute respiratory syndrome-related coronavirus	FJ882927	2007-09-26	north_america	USA
wtic-MB__FJ882932	Severe acute respiratory syndrome-related coronavirus	FJ882932	2008-03-28	north_america	USA
wtic-MB__FJ882933	Severe acute respiratory syndrome-related coronavirus	FJ882933	2008-03-28	north_america	USA
wtic-MB__FJ882934	Severe acute respiratory syndrome-related coronavirus	FJ882934	2008-03-28	north_america	USA
wtic-MB__FJ882935	Severe acute respiratory syndrome-related coronavirus	FJ882935	2008-03-28	north_america	USA
wtic-MB__FJ882936	Severe acute respiratory syndrome-related coronavirus	FJ882936	2008-03-28	north_america	USA
wtic-MB__FJ882937	Severe acute respiratory syndrome-related coronavirus	FJ882937	2008-03-28	north_america	USA
wtic-MB__FJ882938	Severe acute respiratory syndrome-related coronavirus	FJ882938	2007-09-22	north_america	USA
wtic-MB__FJ882939	Severe acute respiratory syndrome-related coronavirus	FJ882939	2008-03-28	north_america	USA
wtic-MB__FJ882946	Severe acute respiratory syndrome-related coronavirus	FJ882946	2008-03-28	north_america	USA
wtic-MB__FJ882947	Severe acute respiratory syndrome-related coronavirus	FJ882947	2008-03-28	north_america	USA
wtic-MB__FJ882949	Severe acute respiratory syndrome-related coronavirus	FJ882949	2008-03-28	north_america	USA
BtKY72__KY352407	Severe acute respiratory syndrome-related coronavirus	KY352407	2007-08-XX	africa	Kenya
Tor2__AY274119	Severe acute respiratory syndrome-related coronavirus	AY274119	20XX-XX-XX	north_america	Canada
